Variant;Variant ID;Language;Feature name;Feature group;Position;Image;Description;Page title;Meta keywords;Meta description;URL;Storefront feature name;AB Custom H1;AB SEO Filters: SEO variant
"iOS 5";"39";"en";"Operating System";"Electronics";"40";"";"";"";"";"";"";"Operating System";"";""
"Windows 7 Home Premium";"46";"en";"Operating System";"Electronics";"0";"";"";"";"";"";"";"Operating System";"";""
"Windows 7 Home Basic";"49";"en";"Operating System";"Electronics";"0";"";"";"";"";"";"";"Operating System";"";""
"Android 3.1, Honeycomb";"52";"en";"Operating System";"Electronics";"0";"";"";"";"";"";"";"Operating System";"";""
"Android 2.2, Froyo";"55";"en";"Operating System";"Electronics";"0";"";"";"";"";"";"";"Operating System";"";""
"Android 3.2, Honeycomb";"58";"en";"Operating System";"Electronics";"0";"";"";"";"";"";"";"Operating System";"";""
"Android 2.3, Gingerbread";"66";"en";"Operating System";"Electronics";"0";"";"";"";"";"";"";"Operating System";"";""
"Windows Phone 7.5, Mango";"69";"en";"Operating System";"Electronics";"0";"";"";"";"";"";"";"Operating System";"";""
"Android 4.0, Ice Cream Sandwich";"73";"en";"Operating System";"Electronics";"0";"";"";"";"";"";"";"Operating System";"";""
"Nokia OS";"76";"en";"Operating System";"Electronics";"0";"";"";"";"";"";"";"Operating System";"";""
"Symbian OS";"78";"en";"Operating System";"Electronics";"0";"";"";"";"";"";"";"Operating System";"";""
"Android 2.1";"84";"en";"Operating System";"Electronics";"0";"";"";"";"";"";"";"Operating System";"";""
"27""";"41";"en";"Display";"Electronics";"0";"";"";"";"";"";"";"Display";"";""
"9.7""";"44";"en";"Display";"Electronics";"0";"";"";"";"";"";"";"Display";"";""
"23""";"51";"en";"Display";"Electronics";"0";"";"";"";"";"";"";"Display";"";""
"8.9""";"53";"en";"Display";"Electronics";"0";"";"";"";"";"";"";"Display";"";""
"7.0""";"56";"en";"Display";"Electronics";"0";"";"";"";"";"";"";"Display";"";""
"15.6""";"59";"en";"Display";"Electronics";"0";"";"";"";"";"";"";"Display";"";""
"14.0""";"61";"en";"Display";"Electronics";"0";"";"";"";"";"";"";"Display";"";""
"13.3""";"63";"en";"Display";"Electronics";"0";"";"";"";"";"";"";"Display";"";""
"3.5""";"65";"en";"Display";"Electronics";"0";"";"";"";"";"";"";"Display";"";""
"4.0""";"67";"en";"Display";"Electronics";"0";"";"";"";"";"";"";"Display";"";""
"4.3""";"68";"en";"Display";"Electronics";"0";"";"";"";"";"";"";"Display";"";""
"4.7""";"70";"en";"Display";"Electronics";"0";"";"";"";"";"";"";"Display";"";""
"3.7""";"71";"en";"Display";"Electronics";"0";"";"";"";"";"";"";"Display";"";""
"4.5""";"74";"en";"Display";"Electronics";"0";"";"";"";"";"";"";"Display";"";""
"2.4""";"77";"en";"Display";"Electronics";"0";"";"";"";"";"";"";"Display";"";""
"3.2""";"80";"en";"Display";"Electronics";"0";"";"";"";"";"";"";"Display";"";""
"3.1""";"83";"en";"Display";"Electronics";"0";"";"";"";"";"";"";"Display";"";""
"16GB";"45";"en";"Storage Capacity";"Electronics";"0";"";"";"";"";"";"";"Storage Capacity";"";""
"1TB";"47";"en";"Storage Capacity";"Electronics";"0";"";"";"";"";"";"";"Storage Capacity";"";""
"500GB";"48";"en";"Storage Capacity";"Electronics";"0";"";"";"";"";"";"";"Storage Capacity";"";""
"320GB";"50";"en";"Storage Capacity";"Electronics";"0";"";"";"";"";"";"";"Storage Capacity";"";""
"32GB";"54";"en";"Storage Capacity";"Electronics";"0";"";"";"";"";"";"";"Storage Capacity";"";""
"640GB";"60";"en";"Storage Capacity";"Electronics";"0";"";"";"";"";"";"";"Storage Capacity";"";""
"750GB";"62";"en";"Storage Capacity";"Electronics";"0";"";"";"";"";"";"";"Storage Capacity";"";""
"256GB";"64";"en";"Storage Capacity";"Electronics";"0";"";"";"";"";"";"";"Storage Capacity";"";""
"8GB";"72";"en";"Storage Capacity";"Electronics";"0";"";"";"";"";"";"";"Storage Capacity";"";""
"4GB";"75";"en";"Storage Capacity";"Electronics";"0";"";"";"";"";"";"";"Storage Capacity";"";""
"256MB";"79";"en";"Storage Capacity";"Electronics";"0";"";"";"";"";"";"";"Storage Capacity";"";""
"2GB";"81";"en";"Storage Capacity";"Electronics";"0";"";"";"";"";"";"";"Storage Capacity";"";""
"512MB";"82";"en";"Storage Capacity";"Electronics";"0";"";"";"";"";"";"";"Storage Capacity";"";""
"Abbey Road Studios";"1344";"en";"Brand";"";"0";"exim/backup/variants_image/79085903.jpg#{[ar]:;[en]:;}";"";"";"";"";"";"Brand";"";""
"Acer";"1345";"en";"Brand";"";"0";"exim/backup/variants_image/250px-Acer_2011.svg.png#{[ar]:;[en]:;}";"";"";"";"";"";"Brand";"";""
"Adidas";"1346";"en";"Brand";"";"0";"exim/backup/variants_image/Adidas_Logo.svg.png#{[ar]:;[en]:;}";"";"";"";"";"";"Brand";"";""
"Apple";"1348";"en";"Brand";"";"0";"exim/backup/variants_image/Apple_logo_black.svg.png#{[ar]:;[en]:;}";"";"";"";"";"";"Brand";"";""
"Arc System Works";"1349";"en";"Brand";"";"0";"exim/backup/variants_image/Arc_system_works.jpg#{[ar]:;[en]:;}";"";"";"";"";"";"Brand";"";""
"Asus";"1350";"en";"Brand";"";"0";"exim/backup/variants_image/200px-ASUS_Logo.svg.png#{[ar]:;[en]:;}";"";"";"";"";"";"Brand";"";""
"Camelback";"1351";"en";"Brand";"";"0";"exim/backup/variants_image/CamelBak_Logo.jpg#{[ar]:;[en]:;}";"";"";"";"";"";"Brand";"";""
"Capcom";"1352";"en";"Brand";"";"0";"exim/backup/variants_image/220px-Capcom_logo.svg.png#{[ar]:;[en]:;}";"";"";"";"";"";"Brand";"";""
"Casio";"1353";"en";"Brand";"";"0";"exim/backup/variants_image/Casio_logo.svg.png#{[ar]:;[en]:;}";"";"";"";"";"";"Brand";"";""
"Cleveland";"1354";"en";"Brand";"";"0";"exim/backup/variants_image/Clevelandgolf_logo.png#{[ar]:;[en]:;}";"";"";"";"";"";"Brand";"";""
"Cobra";"1355";"en";"Brand";"";"0";"exim/backup/variants_image/cobra-logo.jpg#{[ar]:;[en]:;}";"";"";"";"";"";"Brand";"";""
"Concord Records";"1356";"en";"Brand";"";"0";"exim/backup/variants_image/Concordjazzlogo.png#{[ar]:;[en]:;}";"";"";"";"";"";"Brand";"";""
"Creative";"1357";"en";"Brand";"";"0";"exim/backup/variants_image/Creative_Technology_logo.svg.png#{[ar]:;[en]:;}";"";"";"";"";"";"Brand";"";""
"D-Link";"1358";"en";"Brand";"";"0";"exim/backup/variants_image/250px-D-Link.svg.png#{[ar]:;[en]:;}";"";"";"";"";"";"Brand";"";""
"Electronic Arts (EA)";"1359";"en";"Brand";"";"0";"exim/backup/variants_image/ea.png#{[ar]:;[en]:;}";"";"";"";"";"";"Brand";"";""
"Entertainment One Limited";"1360";"en";"Brand";"";"0";"exim/backup/variants_image/Entertainment_One_logo.svg.png#{[ar]:;[en]:;}";"";"";"";"";"";"Brand";"";""
"Garmin";"1361";"en";"Brand";"";"0";"exim/backup/variants_image/225px-Garmin_logo.svg.png#{[ar]:;[en]:;}";"";"";"";"";"";"Brand";"";""
"GoPro";"1362";"en";"Brand";"";"0";"exim/backup/variants_image/nora-cup-gopro-png-logo-2.png#{[ar]:;[en]:;}";"";"";"";"";"";"Brand";"";""
"Hewlett-Packard";"1363";"en";"Brand";"";"0";"exim/backup/variants_image/150px-HP_logo_2012.svg.png#{[ar]:;[en]:;}";"";"";"";"";"";"Brand";"";""
"HTC";"1364";"en";"Brand";"";"0";"exim/backup/variants_image/200px-Htc_new_logo.svg.png#{[ar]:;[en]:;}";"";"";"";"";"";"Brand";"";""
"Intel";"1365";"en";"Brand";"";"0";"exim/backup/variants_image/Intel-logo.jpg#{[ar]:;[en]:;}";"";"";"";"";"";"Brand";"";""
"Kenwood";"1366";"en";"Brand";"";"0";"exim/backup/variants_image/175px-Company-Logo-of-Kenwood001.png#{[ar]:;[en]:;}";"";"";"";"";"";"Brand";"";""
"Koss";"1367";"en";"Brand";"";"0";"exim/backup/variants_image/koss_logo.jpg#{[ar]:;[en]:;}";"";"";"";"";"";"Brand";"";""
"LG";"1368";"en";"Brand";"";"0";"exim/backup/variants_image/LG_Logo.svg.png#{[ar]:;[en]:;}";"";"";"";"";"";"Brand";"";""
"Microsoft";"1369";"en";"Brand";"";"0";"exim/backup/variants_image/664187.jpg#{[ar]:;[en]:;}";"";"";"";"";"";"Brand";"";""
"stationary";"137";"en";"Type";"";"0";"";"";"";"";"";"";"Type";"";""
"250 GB";"138";"en";"Hard drive";"";"0";"";"";"";"";"";"";"Hard drive";"";""
"500 GB";"139";"en";"Hard drive";"";"0";"";"";"";"";"";"";"Hard drive";"";""
"32 GB";"189";"en";"Hard drive";"";"0";"";"";"";"";"";"";"Hard drive";"";""
"8192 MB, DDR3";"140";"en";"RAM";"Specifications";"0";"";"";"";"";"";"";"RAM";"";""
"512 MB, 700 MHz, GDDR3";"163";"en";"RAM";"Specifications";"0";"";"";"";"";"";"";"RAM";"";""
"2000 MB, DDR3";"179";"en";"RAM";"Specifications";"0";"";"";"";"";"";"";"RAM";"";""
"8192 MB, GDDR5";"185";"en";"RAM";"Specifications";"0";"";"";"";"";"";"";"RAM";"";""
"integrated AMD Radeon GPU";"141";"en";"Graphics processor";"Specifications";"0";"";"";"";"";"";"";"Graphics processor";"";""
"ATI C1/Xenos";"162";"en";"Graphics processor";"Specifications";"0";"";"";"";"";"";"";"Graphics processor";"";""
"AMD Radeon HD 5650";"178";"en";"Graphics processor";"Specifications";"0";"";"";"";"";"";"";"Graphics processor";"";""
"1.23 TFLOPs";"142";"en";"System performance for floating point computation";"Specifications";"0";"";"";"";"";"";"";"System performance for floating point computation";"";""
"1 TFLOP";"164";"en";"System performance for floating point computation";"Specifications";"0";"";"";"";"";"";"";"System performance for floating point computation";"";""
"1.84 TFLOPs";"186";"en";"System performance for floating point computation";"Specifications";"0";"";"";"";"";"";"";"System performance for floating point computation";"";""
"1.75 GHz";"143";"en";"CPU speed";"Specifications";"0";"";"";"";"";"";"";"CPU speed";"";""
"3.20 GHz";"166";"en";"CPU speed";"Specifications";"0";"";"";"";"";"";"";"CPU speed";"";""
"1.24 GHz";"181";"en";"CPU speed";"Specifications";"0";"";"";"";"";"";"";"CPU speed";"";""
"8-core AMD";"144";"en";"CPU";"Specifications";"0";"";"";"";"";"";"";"CPU";"";""
"Power PC (3-core)";"165";"en";"CPU";"Specifications";"0";"";"";"";"";"";"";"CPU";"";""
"IBM PowerPC 750";"180";"en";"CPU";"Specifications";"0";"";"";"";"";"";"";"CPU";"";""
"HDMI";"145";"en";"Ports";"Interfaces";"0";"";"";"";"";"";"";"Ports";"";""
"USB x2";"146";"en";"Ports";"Interfaces";"0";"";"";"";"";"";"";"Ports";"";""
"optical audio output";"147";"en";"Ports";"Interfaces";"0";"";"";"";"";"";"";"Ports";"";""
"AV-output";"171";"en";"Ports";"Interfaces";"0";"";"";"";"";"";"";"Ports";"";""
"USB x5";"172";"en";"Ports";"Interfaces";"0";"";"";"";"";"";"";"Ports";"";""
"USB x4";"182";"en";"Ports";"Interfaces";"0";"";"";"";"";"";"";"Ports";"";""
"Wi-Fi (802.11b/g/n)";"148";"en";"Communications";"Interfaces";"0";"";"";"";"";"";"";"Communications";"";""
"Ethernet";"149";"en";"Communications";"Interfaces";"0";"";"";"";"";"";"";"Communications";"";""
"Bluetooth";"187";"en";"Communications";"Interfaces";"0";"";"";"";"";"";"";"Communications";"";""
"Blu-ray";"150";"en";"Supported storage devices";"Multimedia";"0";"";"";"";"";"";"";"Supported storage devices";"";""
"DVD";"151";"en";"Supported storage devices";"Multimedia";"0";"";"";"";"";"";"";"Supported storage devices";"";""
"DVD R";"152";"en";"Supported storage devices";"Multimedia";"0";"";"";"";"";"";"";"Supported storage devices";"";""
"DVD RW";"153";"en";"Supported storage devices";"Multimedia";"0";"";"";"";"";"";"";"Supported storage devices";"";""
"CD";"154";"en";"Supported storage devices";"Multimedia";"0";"";"";"";"";"";"";"Supported storage devices";"";""
"CD R";"167";"en";"Supported storage devices";"Multimedia";"0";"";"";"";"";"";"";"Supported storage devices";"";""
"CR RW";"168";"en";"Supported storage devices";"Multimedia";"0";"";"";"";"";"";"";"Supported storage devices";"";""
"WMA";"155";"en";"Supported formats";"Multimedia";"0";"";"";"";"";"";"";"Supported formats";"";""
"MP3";"169";"en";"Supported formats";"Multimedia";"0";"";"";"";"";"";"";"Supported formats";"";""
"JPEG";"170";"en";"Supported formats";"Multimedia";"0";"";"";"";"";"";"";"Supported formats";"";""
"Headset";"156";"en";"Accessories included";"Multimedia";"0";"";"";"";"";"";"";"Accessories included";"";""
"HDMI cable";"157";"en";"Accessories included";"Multimedia";"0";"";"";"";"";"";"";"Accessories included";"";""
"USB cable";"158";"en";"Accessories included";"Multimedia";"0";"";"";"";"";"";"";"Accessories included";"";""
"composite AV cable";"173";"en";"Accessories included";"Multimedia";"0";"";"";"";"";"";"";"Accessories included";"";""
"BD (Blu-ray Disc)";"159";"en";"Videogames storage";"";"0";"";"";"";"";"";"";"Videogames storage";"";""
"DVD";"175";"en";"Videogames storage";"";"0";"";"";"";"";"";"";"Videogames storage";"";""
"Wii U Optical Disc";"184";"en";"Videogames storage";"";"0";"";"";"";"";"";"";"Videogames storage";"";""
"Xbox One";"160";"en";"Compatibility with console videogames";"Multimedia";"0";"";"";"";"";"";"";"Compatibility with console videogames";"";""
"Xbox";"174";"en";"Compatibility with console videogames";"Multimedia";"0";"";"";"";"";"";"";"Compatibility with console videogames";"";""
"Xbox360";"176";"en";"Compatibility with console videogames";"Multimedia";"0";"";"";"";"";"";"";"Compatibility with console videogames";"";""
"Nintendo WiiNintendo Wii U";"183";"en";"Compatibility with console videogames";"Multimedia";"0";"";"";"";"";"";"";"Compatibility with console videogames";"";""
"PlayStation 4";"188";"en";"Compatibility with console videogames";"Multimedia";"0";"";"";"";"";"";"";"Compatibility with console videogames";"";""
"Black";"161";"en";"Colors";"Additional info";"0";"";"";"";"";"";"";"Colors";"";""
"Small";"1193";"en";"Size";"";"1";"";"";"";"";"";"";"Size";"";""
"Large";"1194";"en";"Size";"";"2";"";"";"";"";"";"";"Size";"";""
"Medium";"1195";"en";"Size";"";"3";"";"";"";"";"";"";"Size";"";""
"XX Large";"1196";"en";"Size";"";"6";"";"";"";"";"";"";"Size";"";""
"X Large";"1197";"en";"Size";"";"5";"";"";"";"";"";"";"Size";"";""
"Green";"1198";"en";"Color - Separate Product";"";"1";"";"";"";"";"";"";"Color";"";""
"Blue";"1199";"en";"Color - Separate Product";"";"2";"";"";"";"";"";"";"Color";"";""
"Black";"1200";"en";"Color - Separate Product";"";"3";"";"";"";"";"";"";"Color";"";""
"White";"1201";"en";"Color - Separate Product";"";"4";"";"";"";"";"";"";"Color";"";""
"Pink";"1202";"en";"Color - Separate Product";"";"0";"";"";"";"";"";"";"Color";"";""
"Khaki";"1203";"en";"Color - Separate Product";"";"0";"";"";"";"";"";"";"Color";"";""
"Red";"1204";"en";"Color - Separate Product";"";"0";"";"";"";"";"";"";"Color";"";""
"Yellow";"1205";"en";"Color - Separate Product";"";"0";"";"";"";"";"";"";"Color";"";""
"Maroon";"1206";"en";"Color - Separate Product";"";"0";"";"";"";"";"";"";"Color";"";""
"Grey";"1207";"en";"Color - Separate Product";"";"0";"";"";"";"";"";"";"Color";"";""
"Beige";"1208";"en";"Color - Separate Product";"";"0";"";"";"";"";"";"";"Color";"";""
"Navy";"1209";"en";"Color - Separate Product";"";"0";"";"";"";"";"";"";"Color";"";""
"Lilac";"1210";"en";"Color - Separate Product";"";"0";"";"";"";"";"";"";"Color";"";""
"Taupe";"1211";"en";"Color - Separate Product";"";"0";"";"";"";"";"";"";"Color";"";""
"Emerald";"1212";"en";"Color - Separate Product";"";"0";"";"";"";"";"";"";"Color";"";""
"Mustard";"1213";"en";"Color - Separate Product";"";"0";"";"";"";"";"";"";"Color";"";""
"Brown";"1214";"en";"Color - Separate Product";"";"0";"";"";"";"";"";"";"Color";"";""
"Cream";"1215";"en";"Color - Separate Product";"";"0";"";"";"";"";"";"";"Color";"";""
"UK 5.5";"1216";"en";"Shoes Size";"Fashion";"0";"";"";"";"";"";"";"Size";"";""
"US 6";"1217";"en";"Shoes Size";"Fashion";"0";"";"";"";"";"";"";"Size";"";""
"UK 6";"1218";"en";"Shoes Size";"Fashion";"0";"";"";"";"";"";"";"Size";"";""
"US 6.5";"1219";"en";"Shoes Size";"Fashion";"0";"";"";"";"";"";"";"Size";"";""
"UK 6.5";"1220";"en";"Shoes Size";"Fashion";"0";"";"";"";"";"";"";"Size";"";""
"UK 7";"1221";"en";"Shoes Size";"Fashion";"0";"";"";"";"";"";"";"Size";"";""
"US 7";"1222";"en";"Shoes Size";"Fashion";"0";"";"";"";"";"";"";"Size";"";""
"UK 7.5";"1223";"en";"Shoes Size";"Fashion";"0";"";"";"";"";"";"";"Size";"";""
"US 7.5";"1224";"en";"Shoes Size";"Fashion";"0";"";"";"";"";"";"";"Size";"";""
"UK 8";"1225";"en";"Shoes Size";"Fashion";"0";"";"";"";"";"";"";"Size";"";""
"US 8";"1226";"en";"Shoes Size";"Fashion";"0";"";"";"";"";"";"";"Size";"";""
"UK 8.5";"1227";"en";"Shoes Size";"Fashion";"0";"";"";"";"";"";"";"Size";"";""
"US 8.5";"1228";"en";"Shoes Size";"Fashion";"0";"";"";"";"";"";"";"Size";"";""
"UK 9";"1229";"en";"Shoes Size";"Fashion";"0";"";"";"";"";"";"";"Size";"";""
"US 9";"1230";"en";"Shoes Size";"Fashion";"0";"";"";"";"";"";"";"Size";"";""
"UK 9.5";"1231";"en";"Shoes Size";"Fashion";"0";"";"";"";"";"";"";"Size";"";""
"US 9.5";"1232";"en";"Shoes Size";"Fashion";"0";"";"";"";"";"";"";"Size";"";""
"UK 10";"1233";"en";"Shoes Size";"Fashion";"0";"";"";"";"";"";"";"Size";"";""
"US 10";"1234";"en";"Shoes Size";"Fashion";"0";"";"";"";"";"";"";"Size";"";""
"UK 10.5";"1235";"en";"Shoes Size";"Fashion";"0";"";"";"";"";"";"";"Size";"";""
"US 10.5";"1236";"en";"Shoes Size";"Fashion";"0";"";"";"";"";"";"";"Size";"";""
"UK 11";"1237";"en";"Shoes Size";"Fashion";"0";"";"";"";"";"";"";"Size";"";""
"UK 11.5";"1238";"en";"Shoes Size";"Fashion";"0";"";"";"";"";"";"";"Size";"";""
"US 11.5";"1239";"en";"Shoes Size";"Fashion";"0";"";"";"";"";"";"";"Size";"";""
"US 12";"1240";"en";"Shoes Size";"Fashion";"0";"";"";"";"";"";"";"Size";"";""
"UK 12.5";"1241";"en";"Shoes Size";"Fashion";"0";"";"";"";"";"";"";"Size";"";""
"US 13";"1242";"en";"Shoes Size";"Fashion";"0";"";"";"";"";"";"";"Size";"";""
"UK 13.5";"1243";"en";"Shoes Size";"Fashion";"0";"";"";"";"";"";"";"Size";"";""
"US 14";"1244";"en";"Shoes Size";"Fashion";"0";"";"";"";"";"";"";"Size";"";""
"UK 14.5";"1245";"en";"Shoes Size";"Fashion";"0";"";"";"";"";"";"";"Size";"";""
"US 15";"1246";"en";"Shoes Size";"Fashion";"0";"";"";"";"";"";"";"Size";"";""
"EU 35";"1247";"en";"Shoes Size";"Fashion";"0";"";"";"";"";"";"";"Size";"";""
"EU 36";"1248";"en";"Shoes Size";"Fashion";"0";"";"";"";"";"";"";"Size";"";""
"EU 37";"1249";"en";"Shoes Size";"Fashion";"0";"";"";"";"";"";"";"Size";"";""
"EU 38";"1250";"en";"Shoes Size";"Fashion";"0";"";"";"";"";"";"";"Size";"";""
"EU 39";"1251";"en";"Shoes Size";"Fashion";"0";"";"";"";"";"";"";"Size";"";""
"EU 40";"1252";"en";"Shoes Size";"Fashion";"0";"";"";"";"";"";"";"Size";"";""
"EU 41";"1253";"en";"Shoes Size";"Fashion";"0";"";"";"";"";"";"";"Size";"";""
"EU 42";"1254";"en";"Shoes Size";"Fashion";"0";"";"";"";"";"";"";"Size";"";""
"EU 43";"1255";"en";"Shoes Size";"Fashion";"0";"";"";"";"";"";"";"Size";"";""
"EU 44";"1256";"en";"Shoes Size";"Fashion";"0";"";"";"";"";"";"";"Size";"";""
"EU 45";"1257";"en";"Shoes Size";"Fashion";"0";"";"";"";"";"";"";"Size";"";""
"EU 46";"1258";"en";"Shoes Size";"Fashion";"0";"";"";"";"";"";"";"Size";"";""
"EU 47";"1259";"en";"Shoes Size";"Fashion";"0";"";"";"";"";"";"";"Size";"";""
"EU 15";"1260";"en";"Shoes Size";"Fashion";"0";"";"";"";"";"";"";"Size";"";""
"EU 16";"1261";"en";"Shoes Size";"Fashion";"0";"";"";"";"";"";"";"Size";"";""
"EU 17";"1262";"en";"Shoes Size";"Fashion";"0";"";"";"";"";"";"";"Size";"";""
"EU 18";"1263";"en";"Shoes Size";"Fashion";"0";"";"";"";"";"";"";"Size";"";""
"EU 19";"1264";"en";"Shoes Size";"Fashion";"0";"";"";"";"";"";"";"Size";"";""
"EU 20";"1265";"en";"Shoes Size";"Fashion";"0";"";"";"";"";"";"";"Size";"";""
"EU 21";"1266";"en";"Shoes Size";"Fashion";"0";"";"";"";"";"";"";"Size";"";""
"EU 22";"1267";"en";"Shoes Size";"Fashion";"0";"";"";"";"";"";"";"Size";"";""
"EU 23";"1268";"en";"Shoes Size";"Fashion";"0";"";"";"";"";"";"";"Size";"";""
"EU 24";"1269";"en";"Shoes Size";"Fashion";"0";"";"";"";"";"";"";"Size";"";""
"EU 25";"1270";"en";"Shoes Size";"Fashion";"0";"";"";"";"";"";"";"Size";"";""
"EU 26";"1271";"en";"Shoes Size";"Fashion";"0";"";"";"";"";"";"";"Size";"";""
"EU 27";"1272";"en";"Shoes Size";"Fashion";"0";"";"";"";"";"";"";"Size";"";""
"EU 28";"1273";"en";"Shoes Size";"Fashion";"0";"";"";"";"";"";"";"Size";"";""
"EU 29";"1274";"en";"Shoes Size";"Fashion";"0";"";"";"";"";"";"";"Size";"";""
"EU 30";"1275";"en";"Shoes Size";"Fashion";"0";"";"";"";"";"";"";"Size";"";""
"EU 31";"1276";"en";"Shoes Size";"Fashion";"0";"";"";"";"";"";"";"Size";"";""
"EU 32";"1277";"en";"Shoes Size";"Fashion";"0";"";"";"";"";"";"";"Size";"";""
"EU 33";"1278";"en";"Shoes Size";"Fashion";"0";"";"";"";"";"";"";"Size";"";""
"EU 34";"1279";"en";"Shoes Size";"Fashion";"0";"";"";"";"";"";"";"Size";"";""
"US 4";"1280";"en";"Shoes Size";"Fashion";"0";"";"";"";"";"";"";"Size";"";""
"US 4.5";"1281";"en";"Shoes Size";"Fashion";"0";"";"";"";"";"";"";"Size";"";""
"US 5";"1282";"en";"Shoes Size";"Fashion";"0";"";"";"";"";"";"";"Size";"";""
"US 5.5";"1283";"en";"Shoes Size";"Fashion";"0";"";"";"";"";"";"";"Size";"";""
"US 16";"1284";"en";"Shoes Size";"Fashion";"0";"";"";"";"";"";"";"Size";"";""
"UK 2";"1285";"en";"Shoes Size";"Fashion";"0";"";"";"";"";"";"";"Size";"";""
"UK 2.5";"1286";"en";"Shoes Size";"Fashion";"0";"";"";"";"";"";"";"Size";"";""
"UK 3";"1287";"en";"Shoes Size";"Fashion";"0";"";"";"";"";"";"";"Size";"";""
"UK 3.5";"1288";"en";"Shoes Size";"Fashion";"0";"";"";"";"";"";"";"Size";"";""
"UK 4";"1289";"en";"Shoes Size";"Fashion";"0";"";"";"";"";"";"";"Size";"";""
"UK 4.5";"1290";"en";"Shoes Size";"Fashion";"0";"";"";"";"";"";"";"Size";"";""
"UK 5";"1291";"en";"Shoes Size";"Fashion";"0";"";"";"";"";"";"";"Size";"";""
"S";"1292";"en";"Clothes Size";"Fashion";"0";"";"";"";"";"";"";"Size";"";""
"M";"1293";"en";"Clothes Size";"Fashion";"0";"";"";"";"";"";"";"Size";"";""
"L";"1294";"en";"Clothes Size";"Fashion";"0";"";"";"";"";"";"";"Size";"";""
"XL";"1295";"en";"Clothes Size";"Fashion";"0";"";"";"";"";"";"";"Size";"";""
"XXL";"1296";"en";"Clothes Size";"Fashion";"0";"";"";"";"";"";"";"Size";"";""
"XXXL";"1297";"en";"Clothes Size";"Fashion";"0";"";"";"";"";"";"";"Size";"";""
"XXXXL";"1298";"en";"Clothes Size";"Fashion";"0";"";"";"";"";"";"";"Size";"";""
"All size";"1299";"en";"Clothes Size";"Fashion";"0";"";"";"";"";"";"";"Size";"";""
"One size";"1300";"en";"Clothes Size";"Fashion";"0";"";"";"";"";"";"";"Size";"";""
"XS";"1301";"en";"Clothes Size";"Fashion";"0";"";"";"";"";"";"";"Size";"";""
"XXS";"1302";"en";"Clothes Size";"Fashion";"0";"";"";"";"";"";"";"Size";"";""
"White";"1303";"en";"Color - Single Product";"";"0";"";"";"";"";"";"";"Color";"";""
"Black";"1304";"en";"Color - Single Product";"";"0";"";"";"";"";"";"";"Color";"";""
"Dark Grey";"1305";"en";"Color - Single Product";"";"0";"";"";"";"";"";"";"Color";"";""
"Grey";"1306";"en";"Color - Single Product";"";"0";"";"";"";"";"";"";"Color";"";""
"Red";"1307";"en";"Color - Single Product";"";"0";"";"";"";"";"";"";"Color";"";""
"Green";"1308";"en";"Color - Single Product";"";"0";"";"";"";"";"";"";"Color";"";""
"Blue";"1309";"en";"Color - Single Product";"";"0";"";"";"";"";"";"";"Color";"";""
"Yellow";"1310";"en";"Color - Single Product";"";"0";"";"";"";"";"";"";"Color";"";""
"Navy";"1311";"en";"Color - Single Product";"";"0";"";"";"";"";"";"";"Color";"";""
"Emerald";"1312";"en";"Color - Single Product";"";"0";"";"";"";"";"";"";"Color";"";""
"Lilac";"1313";"en";"Color - Single Product";"";"0";"";"";"";"";"";"";"Color";"";""
"Pink";"1314";"en";"Color - Single Product";"";"0";"";"";"";"";"";"";"Color";"";""
"Fuchsia";"1315";"en";"Color - Single Product";"";"0";"";"";"";"";"";"";"Color";"";""
"Gold";"1316";"en";"Color - Single Product";"";"0";"";"";"";"";"";"";"Color";"";""
"Ivory";"1317";"en";"Color - Single Product";"";"0";"";"";"";"";"";"";"Color";"";""
"Khaki";"1318";"en";"Color - Single Product";"";"0";"";"";"";"";"";"";"Color";"";""
"Lavender";"1319";"en";"Color - Single Product";"";"0";"";"";"";"";"";"";"Color";"";""
"Magenta";"1320";"en";"Color - Single Product";"";"0";"";"";"";"";"";"";"Color";"";""
"Linen";"1321";"en";"Color - Single Product";"";"0";"";"";"";"";"";"";"Color";"";""
"Maroon";"1322";"en";"Color - Single Product";"";"0";"";"";"";"";"";"";"Color";"";""
"Olive";"1323";"en";"Color - Single Product";"";"0";"";"";"";"";"";"";"Color";"";""
"Orange";"1324";"en";"Color - Single Product";"";"0";"";"";"";"";"";"";"Color";"";""
"Orchid";"1325";"en";"Color - Single Product";"";"0";"";"";"";"";"";"";"Color";"";""
"Plum";"1326";"en";"Color - Single Product";"";"0";"";"";"";"";"";"";"Color";"";""
"Purple";"1327";"en";"Color - Single Product";"";"0";"";"";"";"";"";"";"Color";"";""
"Salmon";"1328";"en";"Color - Single Product";"";"0";"";"";"";"";"";"";"Color";"";""
"Silver";"1329";"en";"Color - Single Product";"";"0";"";"";"";"";"";"";"Color";"";""
"SkyBlue";"1330";"en";"Color - Single Product";"";"0";"";"";"";"";"";"";"Color";"";""
"Tan";"1331";"en";"Color - Single Product";"";"0";"";"";"";"";"";"";"Color";"";""
"Teal";"1332";"en";"Color - Single Product";"";"0";"";"";"";"";"";"";"Color";"";""
"Turquoise";"1333";"en";"Color - Single Product";"";"0";"";"";"";"";"";"";"Color";"";""
"Violet";"1334";"en";"Color - Single Product";"";"0";"";"";"";"";"";"";"Color";"";""
"Lime";"1335";"en";"Color - Single Product";"";"0";"";"";"";"";"";"";"Color";"";""
"Indigo";"1336";"en";"Color - Single Product";"";"0";"";"";"";"";"";"";"Color";"";""
"PowderBlue";"1337";"en";"Color - Single Product";"";"0";"";"";"";"";"";"";"Color";"";""
"Chocolate";"1338";"en";"Color - Single Product";"";"0";"";"";"";"";"";"";"Color";"";""
"Beige";"1339";"en";"Color - Single Product";"";"0";"";"";"";"";"";"";"Color";"";""
"Coral";"1340";"en";"Color - Single Product";"";"0";"";"";"";"";"";"";"Color";"";""
"Like New";"1341";"en";"Condition";"";"20";"";"";"";"";"";"";"Condition";"";""
"Brand new";"1342";"en";"Condition";"";"10";"";"";"";"";"";"";"Condition";"";""
"Used";"1343";"en";"Condition";"";"30";"";"";"";"";"";"";"Condition";"";""
