Product code,Language,Vendor,Category
D00014MK1P,en,CS-Cart,Electronics & Digital Products
,ar,,Electronics & Digital Products
E0004UBR1Y,en,CS-Cart,Electronics & Digital Products
,ar,,Electronics & Digital Products
B0005QJH6U,en,CS-Cart,Electronics & Digital Products
,ar,,Electronics & Digital Products
T0006UROBG,en,CS-Cart,Electronics & Digital Products
,ar,,Electronics & Digital Products
A0007DQ1TL,en,CS-Cart,Electronics & Digital Products
,ar,,Electronics & Digital Products
W0008TGVI1,en,CS-Cart,Electronics & Digital Products
,ar,,Electronics & Digital Products
F0009ORD06,en,CS-Cart,Electronics & Digital Products
,ar,,Electronics & Digital Products
L00102FQ97,en,CS-Cart,Electronics & Digital Products
,ar,,Electronics & Digital Products
Z0011CZSNI,en,CS-Cart,Electronics & Digital Products
,ar,,Electronics & Digital Products
U0012O5AF0,en,CS-Cart,Electronics & Digital Products
,ar,,Electronics & Digital Products
J00133PNYZ,en,CS-Cart,Electronics & Digital Products
,ar,,Electronics & Digital Products
M0014IVPFH,en,CS-Cart,Electronics & Digital Products
,ar,,Electronics & Digital Products
H0015EXYM6,en,ACME Corp,Electronics & Digital Products
,ar,,Electronics & Digital Products
H00162EP2P,en,CS-Cart,Electronics & Digital Products
,ar,,Electronics & Digital Products
G0017HS88V,en,CS-Cart,Electronics & Digital Products
,ar,,Electronics & Digital Products
W0018W504I,en,CS-Cart,Electronics & Digital Products
,ar,,Electronics & Digital Products
J001933ZYZ,en,CS-Cart,Electronics & Digital Products
,ar,,Electronics & Digital Products
M00209NIOG,en,CS-Cart,Electronics & Digital Products
,ar,,Electronics & Digital Products
J00216UKRV,en,CS-Cart,Electronics & Digital Products
,ar,,Electronics & Digital Products
F0022TLB3Q,en,CS-Cart,Electronics & Digital Products
,ar,,Electronics & Digital Products
G0023968XZ,en,CS-Cart,Electronics & Digital Products
,ar,,Electronics & Digital Products
R0024KODQ2,en,CS-Cart,Electronics & Digital Products
,ar,,Electronics & Digital Products
R0025KFF65,en,CS-Cart,Electronics & Digital Products
,ar,,Electronics & Digital Products
K00264EGJK,en,CS-Cart,Electronics & Digital Products
,ar,,Electronics & Digital Products
G0027IR79N,en,CS-Cart,Electronics & Digital Products
,ar,,Electronics & Digital Products
R0028P1EHQ,en,CS-Cart,Electronics & Digital Products
,ar,,Electronics & Digital Products
T0029EAW9R,en,CS-Cart,Electronics & Digital Products
,ar,,Electronics & Digital Products
H00305TUE7,en,CS-Cart,Electronics & Digital Products
,ar,,Electronics & Digital Products
D0031VJD0L,en,CS-Cart,Electronics & Digital Products
,ar,,Electronics & Digital Products
T0032Q3082,en,CS-Cart,Electronics & Digital Products
,ar,,Electronics & Digital Products
W00336L5NA,en,CS-Cart,Electronics & Digital Products
,ar,,Electronics & Digital Products
W00341JAWN,en,CS-Cart,Electronics & Digital Products
,ar,,Electronics & Digital Products
Z0035X590V,en,CS-Cart,Electronics & Digital Products
,ar,,Electronics & Digital Products
B0036NZ0FU,en,CS-Cart,Electronics & Digital Products
,ar,,Electronics & Digital Products
L00379540B,en,CS-Cart,Electronics & Digital Products
,ar,,Electronics & Digital Products
U003826PEJ,en,CS-Cart,Electronics & Digital Products
,ar,,Electronics & Digital Products
X0039CB6XW,en,CS-Cart,Electronics & Digital Products
,ar,,Electronics & Digital Products
A0040LYF7M,en,CS-Cart,Electronics & Digital Products
,ar,,Electronics & Digital Products
I0041AGKCY,en,CS-Cart,Electronics & Digital Products
,ar,,Electronics & Digital Products
K0042BKTKR,en,CS-Cart,Electronics & Digital Products
,ar,,Electronics & Digital Products
N0043XCGKY,en,CS-Cart,Electronics & Digital Products
,ar,,Electronics & Digital Products
A0044UQ78W,en,CS-Cart,Electronics & Digital Products
,ar,,Electronics & Digital Products
Q0045PT1DZ,en,CS-Cart,Electronics & Digital Products
,ar,,Electronics & Digital Products
T00466CBMY,en,CS-Cart,Electronics & Digital Products
,ar,,Electronics & Digital Products
J0047KCW09,en,CS-Cart,Electronics & Digital Products
,ar,,Electronics & Digital Products
O0048N7QAG,en,CS-Cart,Electronics & Digital Products
,ar,,Electronics & Digital Products
Q0049IN199,en,CS-Cart,Electronics & Digital Products
,ar,,Electronics & Digital Products
V0050M1GB0,en,CS-Cart,Electronics & Digital Products
,ar,,Electronics & Digital Products
H0051EAJD8,en,CS-Cart,Electronics & Digital Products
,ar,,Electronics & Digital Products
I0052GDLN3,en,CS-Cart,Electronics & Digital Products
,ar,,Electronics & Digital Products
B0053N10L0,en,CS-Cart,Electronics & Digital Products
,ar,,Electronics & Digital Products
I0054QMMPO,en,CS-Cart,Electronics & Digital Products
,ar,,Electronics & Digital Products
N005510VYI,en,CS-Cart,Electronics & Digital Products
,ar,,Electronics & Digital Products
L0056LL3EL,en,CS-Cart,Electronics & Digital Products
,ar,,Electronics & Digital Products
R0057SFAR6,en,CS-Cart,Electronics & Digital Products
,ar,,Electronics & Digital Products
I0058SG177,en,CS-Cart,Electronics & Digital Products
,ar,,Electronics & Digital Products
Q0059PALYI,en,CS-Cart,Electronics & Digital Products
,ar,,Electronics & Digital Products
O0060X7Y9Y,en,CS-Cart,Electronics & Digital Products
,ar,,Electronics & Digital Products
F00620YZ55,en,CS-Cart,Electronics & Digital Products
,ar,,Electronics & Digital Products
J0063Z8JWN,en,CS-Cart,Electronics & Digital Products
,ar,,Electronics & Digital Products
V0064ZVR98,en,CS-Cart,Electronics & Digital Products
,ar,,Electronics & Digital Products
O0065SHTHB,en,CS-Cart,Electronics & Digital Products
,ar,,Electronics & Digital Products
B00666E71X,en,CS-Cart,Electronics & Digital Products
,ar,,Electronics & Digital Products
J00670N9NC,en,CS-Cart,Electronics & Digital Products
,ar,,Electronics & Digital Products
U00684Y11J,en,CS-Cart,Electronics & Digital Products
,ar,,Electronics & Digital Products
U0069R50SC,en,CS-Cart,Electronics & Digital Products
,ar,,Electronics & Digital Products
Y0070SQYFT,en,CS-Cart,Electronics & Digital Products
,ar,,Electronics & Digital Products
O0071FR7HZ,en,CS-Cart,Electronics & Digital Products
,ar,,Electronics & Digital Products
N007221KA0,en,CS-Cart,Electronics & Digital Products
,ar,,Electronics & Digital Products
M0073Q30SG,en,CS-Cart,Electronics & Digital Products
,ar,,Electronics & Digital Products
S0074AE6U7,en,CS-Cart,Electronics & Digital Products
,ar,,Electronics & Digital Products
B00755AJUD,en,CS-Cart,Electronics & Digital Products
,ar,,Electronics & Digital Products
W00769N690,en,CS-Cart,Electronics & Digital Products
,ar,,Electronics & Digital Products
L0078RO9Y9,en,CS-Cart,Electronics & Digital Products
,ar,,Electronics & Digital Products
Z0079TIUPW,en,CS-Cart,Electronics & Digital Products
,ar,,Electronics & Digital Products
M0080Z1B49,en,CS-Cart,Electronics & Digital Products
,ar,,Electronics & Digital Products
Y0081TT6SI,en,CS-Cart,Electronics & Digital Products
,ar,,Electronics & Digital Products
S0082Z8OYM,en,CS-Cart,Electronics & Digital Products
,ar,,Electronics & Digital Products
X0083AILW7,en,CS-Cart,Electronics & Digital Products
,ar,,Electronics & Digital Products
P0084TFPRL,en,CS-Cart,Electronics & Digital Products
,ar,,Electronics & Digital Products
W0085XKO7V,en,CS-Cart,Electronics & Digital Products
,ar,,Electronics & Digital Products
I0086KA0W2,en,CS-Cart,Electronics & Digital Products
,ar,,Electronics & Digital Products
U008775P3X,en,CS-Cart,Electronics & Digital Products
,ar,,Electronics & Digital Products
E0088Z4YB8,en,CS-Cart,Electronics & Digital Products
,ar,,Electronics & Digital Products
O0089OKQAX,en,CS-Cart,Electronics & Digital Products
,ar,,Electronics & Digital Products
Y0090CLU50,en,CS-Cart,Electronics & Digital Products
,ar,,Electronics & Digital Products
W00918CYVW,en,CS-Cart,Electronics & Digital Products
,ar,,Electronics & Digital Products
I00927PN4T,en,CS-Cart,Electronics & Digital Products
,ar,,Electronics & Digital Products
Y0093T69G8,en,CS-Cart,Electronics & Digital Products
,ar,,Electronics & Digital Products
A0094VY6U3,en,CS-Cart,Electronics & Digital Products
,ar,,Electronics & Digital Products
S0095VELIH,en,CS-Cart,Electronics & Digital Products
,ar,,Electronics & Digital Products
C0096T88CH,en,CS-Cart,Electronics & Digital Products
,ar,,Electronics & Digital Products
T0097H98EI,en,CS-Cart,Electronics & Digital Products
,ar,,Electronics & Digital Products
E011296HKW,en,CS-Cart,Electronics & Digital Products
,ar,,Electronics & Digital Products
P011376198,en,CS-Cart,Electronics & Digital Products
,ar,,Electronics & Digital Products
V0100ZBORU,en,CS-Cart,Electronics & Digital Products
,ar,,Electronics & Digital Products
E01010TOGW,en,CS-Cart,Electronics & Digital Products
,ar,,Electronics & Digital Products
E01027HIDS,en,CS-Cart,Electronics & Digital Products
,ar,,Electronics & Digital Products
S0103G26P3,en,CS-Cart,Electronics & Digital Products
,ar,,Electronics & Digital Products
N0104CXAWS,en,CS-Cart,Electronics & Digital Products
,ar,,Electronics & Digital Products
M01052HXOG,en,CS-Cart,Electronics & Digital Products
,ar,,Electronics & Digital Products
C0106D3GWB,en,CS-Cart,Electronics & Digital Products
,ar,,Electronics & Digital Products
F01072HXUI,en,CS-Cart,Electronics & Digital Products
,ar,,Electronics & Digital Products
I0108TD8BL,en,CS-Cart,Electronics & Digital Products
,ar,,Electronics & Digital Products
C01099FRFC,en,CS-Cart,Electronics & Digital Products
,ar,,Electronics & Digital Products
E01105O46P,en,CS-Cart,Electronics & Digital Products
,ar,,Electronics & Digital Products
F0111O12WW,en,CS-Cart,Electronics & Digital Products
,ar,,Electronics & Digital Products
U0114N9X4E,en,CS-Cart,Electronics & Digital Products
,ar,,Electronics & Digital Products
N0115R3FDX,en,CS-Cart,Electronics & Digital Products
,ar,,Electronics & Digital Products
P01160R6WH,en,CS-Cart,Electronics & Digital Products
,ar,,Electronics & Digital Products
C0117E8CC7,en,CS-Cart,Electronics & Digital Products
,ar,,Electronics & Digital Products
H0118GRDLH,en,CS-Cart,Electronics & Digital Products
,ar,,Electronics & Digital Products
R0119703TC,en,CS-Cart,Electronics & Digital Products
,ar,,Electronics & Digital Products
B0120TBX2K,en,CS-Cart,Electronics & Digital Products
,ar,,Electronics & Digital Products
L012149RZH,en,CS-Cart,Electronics & Digital Products
,ar,,Electronics & Digital Products
J01223DYAH,en,CS-Cart,Electronics & Digital Products
,ar,,Electronics & Digital Products
C0123RSXUU,en,CS-Cart,Electronics & Digital Products
,ar,,Electronics & Digital Products
D01245K7FF,en,CS-Cart,Electronics & Digital Products
,ar,,Electronics & Digital Products
Y01252CY9O,en,CS-Cart,Electronics & Digital Products
,ar,,Electronics & Digital Products
F01262AH0T,en,CS-Cart,Electronics & Digital Products
,ar,,Electronics & Digital Products
A0127P1V0T,en,CS-Cart,Electronics & Digital Products
,ar,,Electronics & Digital Products
K0128RATX3,en,CS-Cart,Electronics & Digital Products
,ar,,Electronics & Digital Products
O0129GKRU9,en,CS-Cart,Electronics & Digital Products
,ar,,Electronics & Digital Products
T0130501N7,en,CS-Cart,Electronics & Digital Products
,ar,,Electronics & Digital Products
I0131TAKCI,en,CS-Cart,Electronics & Digital Products
,ar,,Electronics & Digital Products
S0132PANHE,en,CS-Cart,Electronics & Digital Products
,ar,,Electronics & Digital Products
I0133JJ7IC,en,CS-Cart,Electronics & Digital Products
,ar,,Electronics & Digital Products
Y0134XZKTS,en,CS-Cart,Electronics & Digital Products
,ar,,Electronics & Digital Products
B0135ZGE8V,en,CS-Cart,Electronics & Digital Products
,ar,,Electronics & Digital Products
A0136VBI1A,en,CS-Cart,Electronics & Digital Products
,ar,,Electronics & Digital Products
H0137J8TMV,en,CS-Cart,Electronics & Digital Products
,ar,,Electronics & Digital Products
G0138IU32J,en,CS-Cart,Electronics & Digital Products
,ar,,Electronics & Digital Products
Z0139588PS,en,CS-Cart,Electronics & Digital Products
,ar,,Electronics & Digital Products
C0140WY5XY,en,CS-Cart,Electronics & Digital Products
,ar,,Electronics & Digital Products
Y01413SJOB,en,CS-Cart,Electronics & Digital Products
,ar,,Electronics & Digital Products
H0142DQBME,en,CS-Cart,Electronics & Digital Products
,ar,,Electronics & Digital Products
Z01433JOK5,en,CS-Cart,Electronics & Digital Products
,ar,,Electronics & Digital Products
M0144TJFHE,en,CS-Cart,Electronics & Digital Products
,ar,,Electronics & Digital Products
Y0145WPLX9,en,ACME Corp,Electronics & Digital Products
,ar,,Electronics & Digital Products
A0146P0NT5,en,CS-Cart,Electronics & Digital Products
,ar,,Electronics & Digital Products
Q014797842,en,CS-Cart,Electronics & Digital Products
,ar,,Electronics & Digital Products
H0148VPS1T,en,CS-Cart,Electronics & Digital Products
,ar,,Electronics & Digital Products
E0149D04B9,en,CS-Cart,Electronics & Digital Products
,ar,,Electronics & Digital Products
K01502P8VF,en,CS-Cart,Electronics & Digital Products
,ar,,Electronics & Digital Products
C0151LG8CS,en,CS-Cart,Electronics & Digital Products
,ar,,Electronics & Digital Products
D0152X65HT,en,CS-Cart,Electronics & Digital Products
,ar,,Electronics & Digital Products
Q0153SHXQ0,en,CS-Cart,Electronics & Digital Products
,ar,,Electronics & Digital Products
T0154F3MKH,en,CS-Cart,Electronics & Digital Products
,ar,,Electronics & Digital Products
N01552LVJT,en,CS-Cart,Electronics & Digital Products
,ar,,Electronics & Digital Products
F01564IPN2,en,CS-Cart,Electronics & Digital Products
,ar,,Electronics & Digital Products
G0157AX10M,en,CS-Cart,Electronics & Digital Products
,ar,,Electronics & Digital Products
N0158NC3UY,en,CS-Cart,Electronics & Digital Products
,ar,,Electronics & Digital Products
L0159TYZDW,en,CS-Cart,Electronics & Digital Products
,ar,,Electronics & Digital Products
L0160MZ4DS,en,CS-Cart,Electronics & Digital Products
,ar,,Electronics & Digital Products
N0161QCS4X,en,CS-Cart,Electronics & Digital Products
,ar,,Electronics & Digital Products
A0162LEU0L,en,CS-Cart,Electronics & Digital Products
,ar,,Electronics & Digital Products
W0163ME90H,en,CS-Cart,Electronics & Digital Products
,ar,,Electronics & Digital Products
O01648JXQC,en,CS-Cart,Electronics & Digital Products
,ar,,Electronics & Digital Products
N0165BQMZZ,en,CS-Cart,Electronics & Digital Products
,ar,,Electronics & Digital Products
A01662K0D9,en,CS-Cart,Electronics & Digital Products
,ar,,Electronics & Digital Products
H0167T7K2E,en,CS-Cart,Electronics & Digital Products
,ar,,Electronics & Digital Products
C016809TC9,en,CS-Cart,Electronics & Digital Products
,ar,,Electronics & Digital Products
A016998ZXV,en,CS-Cart,Electronics & Digital Products
,ar,,Electronics & Digital Products
J0170YXQXC,en,CS-Cart,Electronics & Digital Products
,ar,,Electronics & Digital Products
Q0171LINQ9,en,CS-Cart,Electronics & Digital Products
,ar,,Electronics & Digital Products
Y0172YCAWT,en,CS-Cart,Electronics & Digital Products
,ar,,Electronics & Digital Products
N0173TLFE1,en,CS-Cart,Electronics & Digital Products
,ar,,Electronics & Digital Products
K0174R9CUN,en,CS-Cart,Electronics & Digital Products
,ar,,Electronics & Digital Products
S0175KUFJJ,en,CS-Cart,Electronics & Digital Products
,ar,,Electronics & Digital Products
Y01761IUK5,en,CS-Cart,Electronics & Digital Products
,ar,,Electronics & Digital Products
J0177S9SI3,en,CS-Cart,Electronics & Digital Products
,ar,,Electronics & Digital Products
G0178014M3,en,CS-Cart,Electronics & Digital Products
,ar,,Electronics & Digital Products
B0179UHL46,en,CS-Cart,Electronics & Digital Products
,ar,,Electronics & Digital Products
Q01802L8VS,en,CS-Cart,Electronics & Digital Products
,ar,,Electronics & Digital Products
A0181ZSJSS,en,CS-Cart,Electronics & Digital Products
,ar,,Electronics & Digital Products
N0182YV5QV,en,CS-Cart,Electronics & Digital Products
,ar,,Electronics & Digital Products
E0183D500N,en,CS-Cart,Electronics & Digital Products
,ar,,Electronics & Digital Products
D0184CU1VL,en,CS-Cart,Electronics & Digital Products
,ar,,Electronics & Digital Products
B0185I7U24,en,CS-Cart,Electronics & Digital Products
,ar,,Electronics & Digital Products
N01868E9SB,en,CS-Cart,Electronics & Digital Products
,ar,,Electronics & Digital Products
D0187LXFZO,en,CS-Cart,Electronics & Digital Products
,ar,,Electronics & Digital Products
M0188MVCYL,en,CS-Cart,Electronics & Digital Products
,ar,,Electronics & Digital Products
O0189UKMNW,en,CS-Cart,Electronics & Digital Products
,ar,,Electronics & Digital Products
O019015C2L,en,CS-Cart,Electronics & Digital Products
,ar,,Electronics & Digital Products
Q0191PBM44,en,CS-Cart,Electronics & Digital Products
,ar,,Electronics & Digital Products
E01923M6DA,en,CS-Cart,Electronics & Digital Products
,ar,,Electronics & Digital Products
Y0205HGGEI,en,CS-Cart,Electronics & Digital Products
,ar,,Electronics & Digital Products
P01947A0SW,en,CS-Cart,Electronics & Digital Products
,ar,,Electronics & Digital Products
I0195ZFDB8,en,CS-Cart,Electronics & Digital Products
,ar,,Electronics & Digital Products
I0196BBF6I,en,CS-Cart,Electronics & Digital Products
,ar,,Electronics & Digital Products
A019737E4S,en,CS-Cart,Electronics & Digital Products
,ar,,Electronics & Digital Products
K01984N7PI,en,CS-Cart,Electronics & Digital Products
,ar,,Electronics & Digital Products
Y0199F6AC6,en,CS-Cart,Electronics & Digital Products
,ar,,Electronics & Digital Products
X02002U30A,en,CS-Cart,Electronics & Digital Products
,ar,,Electronics & Digital Products
V02011EWI8,en,CS-Cart,Electronics & Digital Products
,ar,,Electronics & Digital Products
T0202OTGXT,en,CS-Cart,Electronics & Digital Products
,ar,,Electronics & Digital Products
R02034W1ZL,en,CS-Cart,Electronics & Digital Products
,ar,,Electronics & Digital Products
B0204ZOC1I,en,CS-Cart,Electronics & Digital Products
,ar,,Electronics & Digital Products
Q0206MCK7B,en,CS-Cart,Electronics & Digital Products
,ar,,Electronics & Digital Products
W0207TLU5R,en,CS-Cart,Electronics & Digital Products
,ar,,Electronics & Digital Products
F0208V084C,en,CS-Cart,Electronics & Digital Products
,ar,,Electronics & Digital Products
G0209Y9N72,en,CS-Cart,Electronics & Digital Products
,ar,,Electronics & Digital Products
D0210M5AN1,en,CS-Cart,Electronics & Digital Products
,ar,,Electronics & Digital Products
H021184FO0,en,CS-Cart,Electronics & Digital Products
,ar,,Electronics & Digital Products
P0212CTOEA,en,CS-Cart,Electronics & Digital Products
,ar,,Electronics & Digital Products
R0213E2U6B,en,CS-Cart,Electronics & Digital Products
,ar,,Electronics & Digital Products
K02149B2ZX,en,CS-Cart,Electronics & Digital Products
,ar,,Electronics & Digital Products
O02154E04H,en,CS-Cart,Electronics & Digital Products
,ar,,Electronics & Digital Products
L0227FHI2Y,en,CS-Cart,Electronics & Digital Products
,ar,,Electronics & Digital Products
H0217E3OE9,en,CS-Cart,Electronics & Digital Products
,ar,,Electronics & Digital Products
B0218UO9WS,en,CS-Cart,Electronics & Digital Products
,ar,,Electronics & Digital Products
M0219A3GX3,en,CS-Cart,Electronics & Digital Products
,ar,,Electronics & Digital Products
P0220KHOS3,en,CS-Cart,Electronics & Digital Products
,ar,,Electronics & Digital Products
X0221UHBTA,en,CS-Cart,Electronics & Digital Products
,ar,,Electronics & Digital Products
P0222KUH4T,en,CS-Cart,Electronics & Digital Products
,ar,,Electronics & Digital Products
O0223AQI3W,en,CS-Cart,Electronics & Digital Products
,ar,,Electronics & Digital Products
Y0224Y3QQU,en,CS-Cart,Electronics & Digital Products
,ar,,Electronics & Digital Products
E0225PPZPL,en,CS-Cart,Electronics & Digital Products
,ar,,Electronics & Digital Products
P02266IOPQ,en,CS-Cart,Electronics & Digital Products
,ar,,Electronics & Digital Products
I0228OF40N,en,CS-Cart,Electronics & Digital Products
,ar,,Electronics & Digital Products
V0229W5J8F,en,CS-Cart,Electronics & Digital Products
,ar,,Electronics & Digital Products
B0230S7Q0V,en,CS-Cart,Electronics & Digital Products
,ar,,Electronics & Digital Products
S0231YYSMK,en,CS-Cart,Electronics & Digital Products
,ar,,Electronics & Digital Products
S0232MRZ1Y,en,CS-Cart,Electronics & Digital Products
,ar,,Electronics & Digital Products
H023315I7E,en,CS-Cart,Electronics & Digital Products
,ar,,Electronics & Digital Products
R0234XOWI6,en,CS-Cart,Electronics & Digital Products
,ar,,Electronics & Digital Products
N02351Q6BY,en,CS-Cart,Electronics & Digital Products
,ar,,Electronics & Digital Products
A0236BQ31M,en,CS-Cart,Electronics & Digital Products
,ar,,Electronics & Digital Products
B0237HI9M0,en,CS-Cart,Electronics & Digital Products
,ar,,Electronics & Digital Products
Q0238LW6GY,en,CS-Cart,Electronics & Digital Products
,ar,,Electronics & Digital Products
L0239KVQ9F,en,CS-Cart,Electronics & Digital Products
,ar,,Electronics & Digital Products
E0240Y27BE,en,CS-Cart,Electronics & Digital Products
,ar,,Electronics & Digital Products
I0241GCXF9,en,CS-Cart,Electronics & Digital Products
,ar,,Electronics & Digital Products
G0242JXP9R,en,CS-Cart,Electronics & Digital Products
,ar,,Electronics & Digital Products
U02431526C,en,CS-Cart,Electronics & Digital Products
,ar,,Electronics & Digital Products
B00F3IUN27,en,CS-Cart,Electronics & Digital Products
,ar,,Electronics & Digital Products
B00F3IUN24,en,CS-Cart,Electronics & Digital Products
,ar,,Electronics & Digital Products
B00F3F0GLU,en,CS-Cart,Electronics & Digital Products
,ar,,Electronics & Digital Products
B00F3F0GTA,en,CS-Cart,Electronics & Digital Products
,ar,,Electronics & Digital Products
L2571ODER9,en,CS-Cart,Electronics & Digital Products
,ar,,Electronics & Digital Products
TSHIRT1,en,CS-Cart,Electronics & Digital Products
,ar,,Electronics & Digital Products
TSHIRT2,en,CS-Cart,Electronics & Digital Products
,ar,,Electronics & Digital Products
TSHIRT3,en,CS-Cart,Electronics & Digital Products
,ar,,Electronics & Digital Products
TSHIRT4,en,CS-Cart,Electronics & Digital Products
,ar,,Electronics & Digital Products
TSHIRT5,en,CS-Cart,Electronics & Digital Products
,ar,,Electronics & Digital Products
TSHIRT6,en,CS-Cart,Electronics & Digital Products
,ar,,Electronics & Digital Products
TSHIRT7,en,CS-Cart,Electronics & Digital Products
,ar,,Electronics & Digital Products
